library,stub_address,nid,name,confidence
sceNp,0x5A5EC,0x4885AA18,sceNpTerm,confirmed
sceNp,0x5A60C,0xBD28FDBF,sceNpInit,confirmed
sceNp,0x5A62C,0xE6C8F3F9,sceNpDrmProcessExitSpawn2,confirmed
cellNetCtl,0x5A64C,0x04459230,cellNetCtlNetStartDialogLoadAsync,confirmed
cellNetCtl,0x5A66C,0x0F1F13D3,cellNetCtlNetStartDialogUnloadAsync,confirmed
cellNetCtl,0x5A68C,0x105EE2CB,cellNetCtlTerm,confirmed
cellNetCtl,0x5A6AC,0xBD5A59FC,cellNetCtlInit,confirmed
sys_net,0x5A6CC,0x139A9E9B,sys_net_initialize_network_ex,confirmed
sys_net,0x5A6EC,0xB68D5625,sys_net_finalize_network,confirmed
sys_net,0x5A70C,0xFDB8F926,sys_net_free_thread_context,confirmed
sys_fs,0x5A72C,0x0E2939E5,cellFsFtruncate,confirmed
sys_fs,0x5A74C,0x1A108AB7,cellFsGetBlockSize,confirmed
sys_fs,0x5A76C,0x2796FDF3,cellFsRmdir,confirmed
sys_fs,0x5A78C,0x2CB51F0D,cellFsClose,confirmed
sys_fs,0x5A7AC,0x3F61245C,cellFsOpendir,confirmed
sys_fs,0x5A7CC,0x4D5FF8E2,cellFsRead,confirmed
sys_fs,0x5A7EC,0x5C74903D,cellFsReaddir,confirmed
sys_fs,0x5A80C,0x718BF5F8,cellFsOpen,confirmed
sys_fs,0x5A82C,0x7DE6DCED,cellFsStat,confirmed
sys_fs,0x5A84C,0x7F4677A8,cellFsUnlink,confirmed
sys_fs,0x5A86C,0x967A162B,cellFsFsync,confirmed
sys_fs,0x5A88C,0x99406D0B,cellFsChmod,confirmed
sys_fs,0x5A8AC,0xA397D042,cellFsLseek,confirmed
sys_fs,0x5A8CC,0xAA3B4BCD,cellFsGetFreeSize,confirmed
sys_fs,0x5A8EC,0xBA901FE6,cellFsMkdir,confirmed
sys_fs,0x5A90C,0xBEF554A4,cellFsUtime,confirmed
sys_fs,0x5A92C,0xC9DC3AC5,cellFsTruncate,confirmed
sys_fs,0x5A94C,0xCB588DBA,cellFsFGetBlockSize,confirmed
sys_fs,0x5A96C,0xECDCF2AB,cellFsWrite,confirmed
sys_fs,0x5A98C,0xEF3EFA34,cellFsFstat,confirmed
sys_fs,0x5A9AC,0xF12EECC8,cellFsRename,confirmed
sys_fs,0x5A9CC,0xFF42DCC3,cellFsClosedir,confirmed
cellSysutil,0x5A9EC,0x02FF3C1B,cellSysutilUnregisterCallback,confirmed
cellSysutil,0x5AA0C,0x0BAE8772,cellVideoOutConfigure,confirmed
cellSysutil,0x5AA2C,0x189A74DA,cellSysutilCheckCallback,confirmed
cellSysutil,0x5AA4C,0x887572D5,cellVideoOutGetState,confirmed
cellSysutil,0x5AA6C,0x9949BF82,cellGameDataExitBroken,confirmed
cellSysutil,0x5AA8C,0x9D98AFA0,cellSysutilRegisterCallback,confirmed
cellSysutil,0x5AAAC,0xB72BC4E6,cellDiscGameGetBootDiscInfo,confirmed
cellSysutil,0x5AACC,0xC9645C41,cellGameDataCheckCreate2,confirmed
cellSysutil,0x5AAEC,0xDFDD302E,cellDiscGameRegisterDiscChangeCallback,confirmed
cellSysutil,0x5AB0C,0xE558748D,cellVideoOutGetResolution,confirmed
cellSysutil,0x5AB2C,0xEDC34E1A,cellDiscGameUnregisterDiscChangeCallback,confirmed
cellGcmSys,0x5AB4C,0x15BAE46B,_cellGcmInitBody,confirmed
cellGcmSys,0x5AB6C,0x21397818,_cellGcmSetFlipCommand,confirmed
cellGcmSys,0x5AB8C,0x21AC3697,cellGcmAddressToOffset,confirmed
cellGcmSys,0x5ABAC,0x3A33C1FD,_cellGcmFunc15,confirmed
cellGcmSys,0x5ABCC,0x4AE8D215,cellGcmSetFlipMode,confirmed
cellGcmSys,0x5ABEC,0x72A577CE,cellGcmGetFlipStatus,confirmed
cellGcmSys,0x5AC0C,0xA53D12AE,cellGcmSetDisplayBuffer,confirmed
cellGcmSys,0x5AC2C,0xA547ADDE,cellGcmGetControlRegister,confirmed
cellGcmSys,0x5AC4C,0xB2E761D4,cellGcmResetFlipStatus,confirmed
cellGcmSys,0x5AC6C,0xE315A0B2,cellGcmGetConfiguration,confirmed
cellSysmodule,0x5AC8C,0x112A5EE9,cellSysmoduleUnloadModule,confirmed
cellSysmodule,0x5ACAC,0x32267A31,cellSysmoduleLoadModule,confirmed
cellSysmodule,0x5ACCC,0x63FF6FF9,cellSysmoduleInitialize,confirmed
sysPrxForUser,0x5ACEC,0x1573DC3F,sys_lwmutex_lock,confirmed
sysPrxForUser,0x5AD0C,0x1BC200F4,sys_lwmutex_unlock,confirmed
sysPrxForUser,0x5AD2C,0x24A1EA07,sys_ppu_thread_create,confirmed
sysPrxForUser,0x5AD4C,0x2C847572,_sys_process_atexitspawn,confirmed
sysPrxForUser,0x5AD6C,0x2F85C0EF,sys_lwmutex_create,confirmed
sysPrxForUser,0x5AD8C,0x350D454E,sys_ppu_thread_get_id,confirmed
sysPrxForUser,0x5ADAC,0x409AD939,sys_mmapper_free_memory,confirmed
sysPrxForUser,0x5ADCC,0x4643BA6E,sys_mmapper_unmap_memory,confirmed
sysPrxForUser,0x5ADEC,0x67F9FEDB,sys_game_process_exitspawn2,confirmed
sysPrxForUser,0x5AE0C,0x744680A2,sys_initialize_tls,confirmed
sysPrxForUser,0x5AE2C,0x8461E528,sys_time_get_system_time,confirmed
sysPrxForUser,0x5AE4C,0xA2C7BA64,sys_prx_exitspawn_with_level,confirmed
sysPrxForUser,0x5AE6C,0xAEB78725,sys_lwmutex_trylock,confirmed
sysPrxForUser,0x5AE8C,0xAFF080A4,sys_ppu_thread_exit,confirmed
sysPrxForUser,0x5AEAC,0xB257540B,sys_mmapper_allocate_memory,confirmed
sysPrxForUser,0x5AECC,0xC3476D0C,sys_lwmutex_destroy,confirmed
sysPrxForUser,0x5AEEC,0xDC578057,sys_mmapper_map_memory,confirmed
sysPrxForUser,0x5AF0C,0xE6F2C1E7,sys_process_exit,confirmed
